[
  {
    "id": "P001",
    "name": "Kosha Organic Turmeric Powder",
    "category": "Health & Wellness",
    "features": "100% organic, sustainable farms, high curcumin",
    "short_description": "Premium organic turmeric.",
    "target_audience": "Health-conscious adults"
  },
  {
    "id": "P002",
    "name": "AquaFlow Smart Water Bottle",
    "category": "Lifestyle",
    "features": "Hydration reminders, insulation, Bluetooth sync",
    "short_description": "Smart hydration bottle.",
    "target_audience": "Fitness enthusiasts"
  }
]